,"(-180.0, -174.0]","(-174.0, -168.0]","(-168.0, -162.0]","(-162.0, -156.0]","(-156.0, -150.0]","(-150.0, -144.0]","(-144.0, -138.0]","(-138.0, -132.0]","(-132.0, -126.0]","(-126.0, -120.0]","(-120.0, -114.0]","(-114.0, -108.0]","(-108.0, -102.0]","(-102.0, -96.0]","(-96.0, -90.0]","(-90.0, -84.0]","(-84.0, -78.0]","(-78.0, -72.0]","(-72.0, -66.0]","(-66.0, -60.0]","(-60.0, -54.0]","(-54.0, -48.0]","(-48.0, -42.0]","(-42.0, -36.0]","(-36.0, -30.0]","(-30.0, -24.0]","(-24.0, -18.0]","(-18.0, -12.0]","(-12.0, -6.0]","(-6.0, 0.0]","(0.0, 6.0]","(6.0, 12.0]","(12.0, 18.0]","(18.0, 24.0]","(24.0, 30.0]","(30.0, 36.0]","(36.0, 42.0]","(42.0, 48.0]","(48.0, 54.0]","(54.0, 60.0]","(60.0, 66.0]","(66.0, 72.0]","(72.0, 78.0]","(78.0, 84.0]","(84.0, 90.0]","(90.0, 96.0]","(96.0, 102.0]","(102.0, 108.0]","(108.0, 114.0]","(114.0, 120.0]","(120.0, 126.0]","(126.0, 132.0]","(132.0, 138.0]","(138.0, 144.0]","(144.0, 150.0]","(150.0, 156.0]","(156.0, 162.0]","(162.0, 168.0]","(168.0, 174.0]","(174.0, 180.0]",unit_id
0,0.15935969444480647,0.0069235612426786,0.13381604237595182,0.09008208538760801,0.01680783946547853,0.10530434528678449,0.08002457526498709,0.2797434582621425,0.2856641194225101,0.132940799428693,0.3181985150825489,0.2088841691858051,0.24026548570275058,0.10190801256616829,0.17318072093534256,0.18059038268881675,0.07127805137314927,0.16857995517195087,0.1359955923492333,0.22374132472779923,0.10722985088242999,0.2391377179133988,0.07449864809882688,0.2685507370104811,0.03065639926118724,0.0,0.031287418078016105,0.23611704943783687,0.2185331900374831,0.039936221169424885,0.09310300741649778,0.1087256899229616,0.2306498016855751,0.15793565561633902,0.06936351888473033,0.10737457425223347,0.012244004947196498,0.0599336351428118,0.18297237665992463,0.2089361223819192,0.2702301752273946,0.4741698366184045,0.1078806195144607,0.29114169248456895,0.10223342740029681,0.1253172350360096,0.0780134187391406,0.0786790107802038,0.18384586937270442,0.14969673092368893,0.3078328792258152,0.00518681684611587,0.2581633808138369,0.21585354985116548,0.07667906479702223,0.18301282726676477,0.10054368714035622,0.06736446244141805,0.10428767904131708,0.13228822698022694,0
1,0.08892204658834377,0.31324726882799936,0.00035455471554138735,0.18818757855000143,0.2739121882551688,0.14280680171421278,0.0032121795665551135,0.16366704494773177,0.1174004039994415,0.17283888804574987,0.1136391374119361,0.07358979744903586,0.3438018760141541,0.23393402851789502,0.09408246927044259,0.13177705367772916,0.1343766687038962,0.04946575755974748,0.2153689771653085,0.015582741723412522,0.14437143849802445,0.14311052787854886,0.39826801160083936,0.08107510024828404,0.02911259159618436,0.13592213960208233,0.4242779914289331,0.3015455543147007,0.3237247021793674,0.2670987549844177,0.30722351686623073,0.10075331924201307,0.1055439765075399,0.3348496160502195,0.2736672053124665,0.2493298446183099,0.3211036001031985,0.1046739508459963,0.31775203706112576,0.2652607605957687,0.0,0.09289378526526475,0.12436257947094015,0.208769277007366,0.3918923576822336,0.07930731977840023,0.0,0.0,0.0,0.32696619403980925,0.3183641177635267,0.400917578089453,0.33697527378760067,0.12748457078581296,0.22631726240217698,0.45062301039963726,0.1854599954695102,0.0,0.1185150838735306,0.0,1
2,0.02566156296870244,0.011259764189392838,0.025394155712280694,3.167358304116e-05,0.010891959710946147,0.01689955517249504,0.018635274207513087,0.06329116502153016,0.11312826491227233,0.12314409309472016,0.0,0.012627597186500543,0.06825474553812175,0.17159755461215012,0.13233145563689114,0.10798416069432543,0.055543258836885115,0.02951945315431395,0.0417797261928068,0.0028904589320540006,0.06337862572727265,0.11640406173989386,0.0,0.02563151971239533,0.004854793806873677,0.0,0.0,0.042178619093179874,0.0,0.020110233498129303,0.022187139273983813,0.021269862498144013,0.025434943136431406,0.016891382056773478,0.07591239478832136,0.06138613595733045,0.006017121740391832,0.0,0.12365613330893654,0.04595873847852905,0.11456101159091135,0.10305739728102585,0.01148746158183971,0.09968338719862481,0.0,0.1357569209338418,0.004988769285982993,0.02224780500806775,0.16398485633189502,0.031050055219472197,0.22843664074628825,0.06899219504679542,0.19385763437419135,0.18404322233076517,0.03738576146042722,0.17771021194998632,0.04755421252939893,0.03313667913356463,0.0,0.0,2
3,0.1269297391887115,0.002992371606030459,0.070745883925627,0.050054970520886095,0.10307294186338511,0.0,0.08514078021112018,0.05701927436488287,0.0,0.1286538904098287,0.02250908196002236,0.06938633300386113,0.223438865390215,0.19548120199261138,0.10495612813219765,0.13076336499469385,0.34877882479017175,0.08687344847404871,0.042416974435215624,0.05612531196192987,0.010610696690007028,0.15720485685065572,0.06829807195622538,0.28879547503937353,0.07509900784656252,0.044554435502331714,0.005731817158140682,0.1350252458884296,0.2380018854615901,0.04451593835738034,0.09274832460840354,0.020183200075643903,0.11863024635727289,0.0976324608479897,0.15617140617978403,0.05156229493942226,0.004566374586143472,0.1389375960029229,0.1415791382188753,0.048703128608704745,0.08440933671216246,0.0,0.021814434806039555,0.03615649547765499,0.12436990466504134,0.04468172606044168,0.025319891503180994,0.2156923327908148,0.060695040839545536,0.04796776191564696,0.011475956317771603,0.24036249318599426,0.032039730849935416,0.039553694883381084,0.06897440650662755,0.0466754272456846,0.035400474462586144,0.0098291640659092,0.029554180602853124,0.11536107376398069,3
4,0.16736934341831697,0.044960303367317926,0.0007470283312661205,0.16969906383589592,0.13871534013226072,0.057530616207583644,0.034033196893264075,0.05750953324291839,0.05832961442589406,0.12631241466605214,0.10243589749197032,0.08605527099494847,0.24163215842342078,0.2040862890367369,0.07335062504472595,0.020680504317339282,0.0951652856651267,0.009213801301088783,0.06509564736989172,0.05675531539105655,0.1484653619174812,0.16444790926964753,0.1837458367196555,0.12027743361798401,0.0763342756652996,0.1035158934785355,0.1289117104318342,0.02840780639999098,0.11527336910389507,0.09379994019076211,0.15840222362575615,0.18092477384337566,5.817364592696589e-09,0.0874726449928237,0.021542334312686907,0.17923374347466312,0.09361356918848657,0.12088856412623711,0.03818295869066633,0.04625313770280419,0.036612767773816765,0.013092804998063413,0.2255417599318179,0.23541760934233577,0.23959218294840487,0.03670168944903128,0.010552956829472528,0.05267586911497897,6.045711618746857e-09,0.11619017139524736,0.14602142755251388,0.2295215083230162,0.08270503178296403,0.2814706192229135,0.08327302915795828,0.14223225828015867,0.08149825914049293,0.0,0.010210821166412108,0.10461683597936126,4
5,0.3931652948317758,0.4517028173745613,0.03800310044725408,0.05858935977842763,0.31721638152436255,0.17206475224654497,0.0892388509240872,0.18508689617668947,0.2764813034469145,0.20750025860551594,0.10173248482230411,0.043125032215759605,0.06099608322883951,0.11046564794375707,0.1251996332826728,0.2104646373495399,0.09286654096021496,0.07661809580382294,0.42987118705969984,0.028743207983959105,0.1958013392119096,0.1256483171393964,0.1644423648630079,0.38271498931814407,0.15241446703286926,0.3251107172986295,0.24964832681379379,0.28249139196249784,0.1529173509361998,0.40188361047447846,0.49447826144774315,0.2519275678431817,0.10930342329795331,0.23312943975205258,0.23854171561338305,0.1983059732841151,0.2238809462951039,0.08779669089889908,0.29499490222786195,0.2269736804917711,0.04821160155489841,0.3617778720759574,0.24312394685889344,0.15985389667159253,0.07579365761677173,0.0982256016848643,0.17889816728804198,0.24784192808378533,0.17444451126440297,0.30505230654485965,0.17475799235863257,0.5144117287754035,0.3142842323703602,0.2937221692233576,0.26681480233725186,0.25237216569223025,0.30400956202735996,0.134753778091011,0.3002065207210084,0.3497878242819819,5
6,0.0,0.0,0.09317385615349832,0.028870126331207353,0.04604115838587354,0.017686306618414284,0.014628606864208008,0.035440771156755105,0.04224012196085563,0.031142895846599506,0.0,0.04682074437929444,0.018275014061400228,0.04091014125460188,0.0,0.08523564595512301,0.03651130666928626,0.0,0.0,0.0,0.0887674382315846,0.0,0.018049538794259398,0.024089655038045565,0.0,0.303023357525251,0.17034171383649033,0.010303041911799598,0.006025931539398847,0.03485681387090897,0.011388285192557553,0.1723257511701667,0.0,0.13413221722401172,0.2524789012334498,0.139160793988834,0.26080574230146775,0.13772607897291708,0.24148980196117162,0.0,0.02228609814022649,0.0,0.0003885812609903752,0.0,0.0,0.0,0.0,0.0,0.1794754836858006,0.05255678266565697,0.0,0.0,0.0,0.0,0.0,0.0,0.0,0.1929660273181767,0.14821969715950967,0.0,6
8,0.07849597191022827,0.09231159390398497,0.14822399049962556,0.1624357519199722,0.04779543396326129,0.010087820812000381,0.047698441939641734,0.05926662691550347,0.13546679219325422,0.12857610629090968,0.17147142441890145,0.14377861099155018,0.06822555293883799,0.2049388949368685,0.29649385215760554,0.08633273023962505,0.12614276597815172,0.08279040151298711,0.08088545690081494,0.0327438520017584,0.002048359660545067,0.016966587777534445,0.12984781332418335,0.16687410301910527,0.056463169177044414,0.05757902855761797,0.24495417916863685,0.12672567764179063,0.05402601764941515,0.011181922671422727,0.06542638548945534,0.08074051406647796,0.059479461896652035,0.11390619045954949,0.09525128654565626,0.07820867335315923,0.1463012352820329,0.056792063824612146,0.004840310787236703,0.04872628896589099,0.06247901967258354,0.13456057253749365,0.06853354428284289,0.07603154460276441,0.10133396383231141,0.17966419870559316,0.18983339089984066,0.26072194629520173,0.07451636221590106,0.1082890509456245,0.11322304772824392,0.14780158902890023,0.36825781041161465,0.37668287419929075,0.16560713559636864,0.13526763520712157,0.0516978179401299,0.026209591312448592,0.0,0.0030235542299420918,8
9,0.07826818029840839,0.0021223703593480736,0.044536743981962716,0.07138550304866932,0.054094177281652216,0.05314629563986678,0.05648890979580274,0.0018406909375755915,0.0,0.12647233216037185,0.0,0.06968306744248959,0.0,0.0,0.0,0.02202798595773173,0.11981718961671364,0.02081795458456718,0.07799974770087802,0.05382759381381184,0.0555114077541425,0.0,0.06710507768032027,0.0,0.027239138426642728,0.0436801940274032,0.025834134079579178,0.01033474306803314,0.01706081250403938,0.047478644706961094,0.0,0.08710504464444024,0.066410889739263,0.0,0.0,0.11808178390683775,0.021326333874620212,0.035833019502945596,0.005050398738320215,0.0592133474231156,0.022107852450309797,0.040232913711930295,0.2007125602274377,0.060192506053149096,0.0,0.12602514996949818,0.14817879219386546,0.0788657336557648,0.11942019352521795,0.015893302181230338,0.031460567720260325,0.011128627554463562,0.10761657356692227,0.17773089784506274,0.03416090762621436,0.08613182656014813,0.04961520407793333,0.11059863943023912,0.05206991964298647,0.0,9
10,0.03512341524926035,0.0017785585422406918,0.11946977705333808,0.05199263197932139,0.0617995026989397,0.08175240269221792,0.03811633961245071,0.0603361700049871,0.06005721555305486,0.04887320387932353,0.004730100068789949,0.019126872017460248,0.029214441643119576,0.008571189625877024,0.04523008312152232,0.005119618575309401,0.0332312198169925,0.0061298762697733445,0.02719386324029858,0.020480471018406388,0.0,0.028827130623185843,1.979351977078881e-08,0.010339213576045947,0.042139621246969065,0.0,0.0,0.009207247820299792,0.03451974881928038,0.060941496728899924,0.0286550571072191,0.007444649481443699,0.11139720494551983,0.06448867603714148,0.013066330904394853,0.0,0.12178320745236168,0.06383485416271463,0.11476366586134935,0.024335208329005563,0.05977110939467063,0.03557036039763404,0.06894426265312102,0.06956200314565135,0.024387988687084212,0.06808715817524019,0.1331654958143354,0.022739051521391516,0.040383064950653066,0.08317076845251696,0.07977802125669865,0.2285926640557305,0.03914366250096298,0.08600424684778141,0.0,0.0,0.0,0.0619024416772041,0.015721928001824585,0.03841170473572919,10
11,0.07307049455295875,0.06881350738034633,0.13573855514079333,0.2566422476468049,0.06445075702535624,0.05128104938123762,0.012567771067401678,0.05338474555625782,0.0598118966395103,0.2057043878789912,0.022656350839255147,0.14461120025297433,0.0567940702703944,0.0007164028273124962,0.014032441643225866,0.0,0.030905772982929878,0.0851134119118186,0.01830064118742196,0.04358520700511563,0.0,0.07530290692953391,0.07906556721742694,0.008040738488665393,0.0015818556716113265,0.0,0.057818860158229304,0.023552582830710666,0.029755011881251223,0.01703823713690872,0.006518818286226076,0.005525038481460755,0.10027635632324457,0.039267314286899675,0.0,0.014025189985501736,0.0026128698536405904,0.061297482160293806,0.040033327213031655,0.1450568306492962,0.004590996167721187,0.06592524430214135,0.009127323803600488,0.10979224578704198,0.15131340780757616,0.3212740304356045,0.13812736606456444,0.14961997001746594,0.10368304964754288,0.06446582108592155,0.022198302832272983,0.05013817651970213,0.0921855081017933,0.2381844720664608,0.041417082410401575,0.028482706892167843,0.2330241981029878,0.10933207388087476,0.04660490411223638,0.043270060685396364,11
12,0.4610091034953716,0.13364432794482706,0.18488365682810376,0.26404248841787537,0.2389011057103473,0.30405897194553105,0.23185471113838121,0.290988818431072,0.21746441869476144,0.20017005662449008,0.1375500408245785,0.33107695697490974,0.2628252742276394,0.18258597661076192,0.25025724291255746,0.14123726213287327,0.4623947383589453,0.5179531227012985,0.21010256555714796,0.27504328551618396,0.19338113050296227,0.23639232961777581,0.28897017252039986,0.2798396369491613,0.31185817147740397,0.3507685439712894,0.22150407860772156,0.19076316975450555,0.20025184095403345,0.6856166780158348,0.3551338398157675,0.23774473689062736,0.3374112369730587,0.5510182575074805,0.24995718138485495,0.31403889927136586,0.3474887381923435,0.42315061434612117,0.3029155856911041,0.13440423054253442,0.15403443550713888,0.23610709061582022,0.2516032590423603,0.11748476350300113,0.23337182511930385,0.3765237464010317,0.3723242141862133,0.42688382798421753,0.5181897096722248,0.3806573438604785,0.24859744530754269,0.2986925414635883,0.43167058276361514,0.5078290205936132,0.35633312464894534,0.42370865221280085,0.42185310817086363,0.33986078597549624,0.5963436336495416,0.07193688233510993,12
13,0.0,0.030052621577501736,0.060533232402603915,0.06432011997137298,0.24393375602619488,0.021341119933529967,0.05611794877614485,0.2463373086670598,0.6156986718303952,0.07568034949934949,0.009636464950060604,0.07316460038410373,0.06498674383197146,0.006396017700214242,0.0,0.0,0.014100809938281972,0.0,0.0,0.010792946104493231,0.03951141695120963,0.02421710511244153,0.0,0.15820942855491837,0.02780900517145669,0.0,0.019850308602915596,0.04588319506523829,0.0694942141004386,0.058995195041829394,0.01576973900146736,0.039303851685208384,0.1006879527276621,0.08114210181406051,0.033930745844895076,0.17920470064438954,0.3244565426638395,0.024244527826810483,0.2888240618878215,0.004910072704208109,0.07387883019943102,0.0,0.052147972556110436,0.0684038708671495,0.07289374421213293,0.23376464842313488,0.22428282236610683,1.5015195855048273e-08,0.1270632516768682,0.14315335233286738,0.12428689908817037,0.03275383068373886,0.17785441558708295,0.31182083172809866,0.1902273347967955,0.24679684063031038,0.1469927522179045,0.09477583247044248,0.09294448752472334,0.0,13
14,0.39043372525672365,0.09571728700311184,0.13822588292342378,0.15272246991760519,0.07256424845950356,0.17635341668768936,0.14957959037910165,0.12409257913571299,0.004111018790016928,0.3077151489936976,0.0,0.05901835612161095,0.2613037545823756,0.19217548984017155,0.13059405810217373,0.11487905182504457,0.15552804104637144,0.19714789075277198,0.36858961005450747,0.24544789760942276,0.0,0.0044431254627450515,0.06622706869209195,0.2500638251619157,0.17598293242546761,0.18665350632832042,0.18699824759851705,0.2533402296501533,0.3059824026247382,0.3266818447458381,0.17777059609384938,0.22121307226304374,0.34166946219974953,0.09463870685540643,0.12098140227812598,0.12937018059312663,0.10178267421177285,0.5226892181043206,0.27986494063437495,0.26172466414134193,0.3046481931226194,0.0,0.1268257093815927,0.011206187809404106,0.05482175384991933,0.12167544697618354,0.06880015454773997,0.16377768412769894,0.040356793474591285,0.0402627458540192,0.07308185544741615,0.2978299151720154,0.36174151005546673,0.2479240697602508,0.1783561545940851,0.30750922895823346,0.5217065884025659,0.20780234419626803,0.05692480178398762,0.2297192510073877,14
15,0.42638999459537286,0.13079516790572565,0.18681204174041605,0.43189096425638657,0.3454898576573603,0.33033333921579233,0.37570301110524484,0.2594243854685349,0.34831498521187065,0.3995285762918166,0.02176336710312101,0.26759967979689364,0.24204411170976986,0.15472081411884833,0.0,0.07726246840029001,0.08529642779454026,0.08637781528779898,0.14411906783664358,0.40041263385458575,0.0,0.02529842457301196,0.08943077401586505,0.1519207078804434,0.252163408007875,0.0,0.002154952219368021,0.22614564558223718,0.1474890294185984,0.4898121540697691,0.06988267326104691,0.2461379426608136,0.15078285783505876,0.0348041960724352,0.13503461134778588,0.20182874463662012,0.3724989952465042,0.15084186879041933,0.042122828378506456,0.12406394716198889,0.36833249914920896,0.32969156910198044,0.37128436658374375,0.2018708102167448,0.2504112113796092,0.6787575915841458,1.206387835630362,0.6388862733083013,0.43719538294561855,0.3460712364882291,0.3153142328449189,0.48255889815464736,0.21479459173831653,0.7909724768020693,0.521743730526463,0.34503212236534786,0.2113075247328037,0.5833872000556075,0.5355460242009925,0.0,15
16,0.2602429862073933,0.07916527010565318,0.11549858791496226,0.17675552152855,0.2965850049778343,0.24471154153602753,0.5154712347828173,0.353370895428853,0.3971854766432813,0.4252808277416621,0.22513302735571483,0.2484439141599454,0.2853299749541578,0.3180089428938729,0.30526319780488453,0.14930491311873048,0.18683459226043045,0.10811938704077208,0.23663261764526838,0.30210507441020373,0.2504554062643051,0.10251112875184573,0.043104499159573144,0.19281705781518274,0.3382223619408658,0.1901384135320725,0.1173844803669013,0.14719166124470634,0.20500864345919573,0.34540912237069754,0.010494625024559463,0.033494972876728125,0.0681340244943593,0.07265372900189826,0.22275873071784702,0.2703792229764007,0.07936932404872558,0.0796733628641055,0.12010095889603205,0.06882564566172804,0.24675044838135113,0.2639307483912405,0.2554936756531748,0.07641682130372271,0.16320623256714745,0.20816982694550656,0.5576926554873943,0.11533754107192877,0.4048504763674121,0.34711637653328425,0.3631538589421912,0.29094312265812633,0.13729395283336232,0.15636252706327966,0.16414582800441657,0.2397604325270174,0.19987596312343425,0.39923930168049815,0.4808101448455884,0.03250306777763508,16
17,0.0,0.0,0.19628178902433335,0.0,0.0,0.01984165989795671,0.0,0.09312405527881877,0.11285624971748867,0.03893826574562459,0.07083129101066946,0.024969686620134456,0.1593998270514196,0.0,0.0,0.0,0.3055054404837334,0.11554449495939674,0.0,0.0,0.0,0.0,0.0,0.0,0.2820377250599736,0.47297538845378556,0.3028451441192958,0.0,0.0,0.0,0.0035187736341819376,0.448640050367282,0.013191075807096688,0.1191417321501763,0.4460812108027539,0.3629111768273376,0.4353136469158264,0.15146624372969997,0.2852659741058412,0.0027794296911853103,0.0,0.0,0.0,0.0,0.04155950751189,0.0,0.0,0.0,0.0,0.0,0.0,0.0,0.0,0.0,0.003703631241446732,0.1789613764346832,0.042398788524325264,0.06130248506302714,0.0,0.0,17
18,0.8476283040789134,0.37158400485570925,0.32370173613138564,0.5000297088517929,0.5326913070505117,0.43203909672622476,0.5459071717091069,0.5976607574697674,0.9563319547411389,0.8698115784643429,0.49809278089153797,0.6502847363868071,0.36946435484873313,0.8000856165732825,0.28986274204302553,0.35118311548478054,0.8832650250291475,0.6765784257676869,0.39374919479802917,0.6236702871216764,0.40342145337543206,0.5723031115568686,0.6523020231005451,0.5409415337674768,0.5711021948220836,0.37770225586017386,0.38087743464396673,0.3441826596102884,0.5306970167464007,0.7558029496659249,0.2567110194335535,0.4764555116029631,0.8851584790685622,0.8964766712660647,0.33169619615874407,0.435923063653904,0.49387627919873556,0.591577697066249,0.525259955160619,0.2811778668270658,0.5809149028897972,0.6395246793246637,1.1356962189066993,0.33074762931728763,0.42574872532095676,0.796614989525249,1.0174058214050876,0.5106521158873979,0.7868588334406393,0.8395911517262935,0.39526740903080193,0.603512125078841,0.29024250615740105,1.0131347077456316,0.5382114045377757,0.524644155749105,0.8624429739111505,0.863775135389875,0.9338226735732577,0.20045626884110374,18
19,0.3164111244517677,0.3118065521687413,0.40031635050448044,0.7060244954468112,0.44333331192601916,0.33876869518948305,0.3844964021228407,0.3644328273589398,0.1712097317731092,0.18996707501574897,0.25907598790063974,0.48149019472707616,0.5076453666803238,0.2893408851540077,0.29402480202310044,0.37208917077547,0.46048463518195687,0.3281185931485243,0.4466837650727673,0.2622357830174489,0.3568347278958738,0.5021321847420284,0.20943939432526096,0.33241748992480324,0.3600411163650117,0.11892254013787187,0.11079471258174059,0.24519000575136876,0.21337782972819083,0.30826482853950754,0.15714614752830772,0.35644952429303617,0.4023182103720761,0.37912517109744664,0.20199490645401402,0.3897282260641758,0.6939122391274187,0.3866468121101683,0.34287834090821934,0.36449722437520626,0.3340903604638411,0.381817943086494,0.2712368870956408,0.22023182924070223,0.28800756554303863,0.6652684675476603,0.21639774693755398,0.23178469668896326,0.667862393199584,0.4791938685806422,0.6170497673330505,0.32567641485202586,0.42009566131077875,0.4574575175009702,0.2734591146823142,0.22822307466063366,0.31863447788264204,0.49447116273716973,0.10216388628849364,0.34216560113033717,19
20,0.0,0.10744267312177425,0.28359581981242277,0.1365835690571,0.028643062465415557,0.01198068883671602,0.21184037876915204,0.10493545655112227,0.12990061691864574,0.1125988708311312,0.12966232765390698,0.2068468014642997,0.21444727262966928,0.15511447071792636,0.01777519055492579,0.07420797418378501,0.26149243701587493,0.21057032805343714,0.12405173761907469,0.13310103356257585,0.17257588109201824,0.17818126010436247,0.05669973547873884,0.11952240214243794,0.7746976620880209,0.3782075267665469,0.5385653272415417,0.3174180272977472,0.07756237963474993,0.008433927499780497,0.020975214366992886,0.5336872201784642,0.1433726224125269,0.10310425040903907,0.286662242051491,0.42766873451702475,0.491940936565249,0.015070899084844594,0.3070809522330304,0.0364655822342845,0.09033738504636316,0.0304152521085849,0.02086331439373278,0.0375139142418681,0.13979065685717135,0.1652265280163605,0.05417171486722835,0.06050073702567004,0.16512230226223262,0.11006260141686722,0.05490418747301089,0.25157612760619974,0.16430039842256694,0.1651530884964828,0.45230391437351886,0.3895997267245645,0.05917513052759444,0.19459218506262846,0.1390807492145516,0.049495794577066196,20
21,0.0,0.22098495098567714,0.12266512937710619,0.08433510455229738,0.008822458813372479,0.15712969966582901,0.16914624636171569,0.12789589888851205,0.018233417470953715,0.0,0.0,0.0,0.005935173671180976,0.0,0.0,0.0,0.0,0.0,0.03585215885335411,0.023997081078887504,0.07786487316449393,0.0,0.0,0.0,0.0,0.04275907917240404,0.18871981860693857,0.03036643444917565,0.08105135388870996,0.0,0.030256302888193046,0.2126128915165546,0.0729110295218702,0.0,0.00828813185865034,0.1383581238028352,0.0,0.0,0.2534742614070923,0.42333342143840763,0.014477172816300088,0.004621841410565002,0.06342061722665719,0.286245581875829,0.3013565470693248,0.0,0.00031439785038920107,0.0,0.06779785572885076,0.17333840377330595,0.0,0.005991082137094072,0.0,0.0,0.1824018588149252,0.06196414610716016,0.0,0.012209390854406626,0.11090164853185845,0.031166269150202507,21
23,0.07095427784647385,0.2972465458929787,0.06441845000849417,0.14391132399154785,0.16012328324546182,0.18199400640512703,0.2796836726588524,0.15584162860999354,0.41194898584208234,0.24798079451837285,0.277885799917269,0.1793481287071037,0.17997060834234727,0.018415411471061804,0.06174925189286962,0.12038952257062256,0.15891091554091388,0.1094555318643406,0.07500297894540596,0.235449738702426,0.3855527077390529,0.25882010670167827,0.3485964050709301,0.16678787853755578,0.2876088817977788,0.2689231547607223,0.19541996090074043,0.25783227024207694,0.5296743008528583,0.15135130978331635,0.12065391499681646,0.42278398507157644,0.25199089183699097,0.375811239915616,0.3055787550119762,0.2869864682199102,0.23175754591506081,0.2762289308703022,0.38735167426476386,0.2935818413434848,0.28774859192208996,0.20940087159273252,0.260324346505269,0.05232590359487102,0.14163968876800737,0.06076572577407147,0.37160615625419835,0.16766667274402272,0.21666637618954987,0.30638107029924366,0.39881841364677595,0.3173815499278454,0.17242557086746668,0.2780865925668108,0.18572981879836498,0.34037444773502923,0.4957279707817713,0.3377909306497977,0.2773619531146624,0.10914768850844625,23
25,0.07065808456994113,0.0396085876716542,0.08103616554109995,0.20598474194455096,0.10030220018468074,0.005960315912928683,0.05223823226706942,0.0,0.02148080990677069,0.05531426927224263,0.0,0.0700093930279952,0.12990967570695564,0.1805052136557175,0.04257696752577528,0.09672215147206692,0.2075175143292844,0.04603507160604452,0.022124529916064218,0.061137079100088136,0.04840891152794423,0.16289284748288538,0.259252373402777,0.034941172524158695,0.1341326210895523,0.16526160836768253,0.12965135593223856,0.190364834365324,0.10038666531113453,0.0,0.1156105685099944,0.24141065731274147,0.0007389796438434288,0.06828548231959818,0.14438997735568881,0.029282546230234106,0.03843729925002656,0.05849818249082743,0.0879627865546336,0.08581551744518819,0.01878231168733117,0.010028350993961606,0.0,0.06024427252852368,0.10160321903132939,0.05220185652265801,0.0,0.0,0.11532915188574812,0.029455271822791725,0.17705460354381686,0.04077596104342069,0.1891645862606877,0.14652350006244722,0.08530721238752643,0.0878382377910469,0.12853644029276537,0.007640409377534163,0.0,0.06299265866261494,25
26,0.0222525175270902,0.0,0.021539597464667982,0.1485445702939135,0.0681771532107,0.027400532599211557,0.011265064715504125,0.03688821679873543,0.03759957716592367,0.0,0.02648474889035202,0.03229751573432157,0.014907532622620916,0.06841539692995613,0.029839573150354733,0.03334406766099651,0.2004616098269396,0.0019413175352825292,0.03933172693210624,0.044143790007076335,0.060420987618169185,0.016070723559985012,0.011943410284370194,0.06631939354130012,0.0,0.03655317521318199,0.030088564875545308,0.060115647868924586,0.062461038394902975,0.046815160211940425,0.06090952625514805,0.0049795738056570855,0.0,0.025766949621900393,0.058974221642063916,0.0036816689948262994,0.0,0.09965008408491417,0.0,2.930399965055155e-09,0.0,0.0,0.0021283809890711297,0.03366969756303285,0.0,0.0,0.004081336866596776,0.0,0.004186017657489133,0.13497073135763205,0.02182198136884138,0.07802902468024996,0.04561038491513946,0.09097869132616489,0.02143779223366726,0.024210661291681684,0.03861255241533113,0.01868109645297331,0.0,0.06539919150899005,26
27,0.5656043584912528,0.13718078623666435,0.14794427160092782,0.14084241849653167,0.24447827534045552,0.32705441650897643,0.4448320527198697,0.4517533559279274,0.32155049686744397,0.3529284763283136,0.19207150528355266,0.3456522000820988,0.23119241864220608,0.4419740577321692,0.5267625881033179,0.1637452972408918,0.3332449361685465,0.4427978047254821,0.38975792198302406,0.403333333954526,0.419297956710744,0.4910071956943261,0.33958987641674976,0.4210610701916093,0.33157678010001784,0.5725922844089678,0.3951468940901705,0.4249310594569833,0.39055761426260077,0.23612340464823642,0.43984841952837384,0.2959248262444854,0.5323745095493229,0.30936301166475016,0.4840689708131631,0.4370173531454543,0.3091118208140073,0.21503363303845027,0.6007892682210817,0.477069795861077,0.5523916914039035,0.5170122116890399,0.5120020730913147,0.12695886585633306,0.23118587034762322,0.31250221031554687,0.5292537683527522,0.5838673943491747,0.4323803001588077,0.4467048459250449,0.6294869721034646,0.43378866144312817,0.5572011626513039,0.589948361485745,0.5261490990279952,0.3824615003774727,0.22422302716557557,0.23130664636655365,0.34915618630706513,0.1312860900154365,27
28,0.0,0.2557888890069462,0.18387556580101244,0.0994211953033039,0.33590482377518455,0.1641535839300667,0.08073632907163762,0.20504126615722734,0.3718678054143371,0.06812671487249598,0.007483757031476543,0.0,0.0,0.0,0.11849480686441984,0.12426348921081494,0.4640188467900791,0.0,0.10402545618049629,0.19378793199798236,0.08737954049797034,0.15287188963142734,0.3607533548166333,0.003406912242620068,0.1029749558424591,0.2881548025470745,0.09624046037363083,0.22301141483269443,0.05590735062151953,0.2636789117234222,0.13512257214920606,0.27733919850707545,0.10959433677311978,0.13091349749494474,0.2199992020482889,0.24890133650294388,0.11929945444090496,0.23663764680937496,0.032660880595153444,0.0,0.057053654946089896,0.15169161145667917,0.1254122211597828,0.02813137701982479,0.0,0.0,0.05592764280174572,0.10899155549073111,0.5649098517500675,0.1606424734058821,0.2574112786507155,0.2231048658577157,0.2045176177420089,0.17737953938778295,0.3118170027908421,0.017151480526954213,0.1542930080252076,0.31280088776592985,0.14425643842698732,0.17242447474087128,28
29,0.004810786702077621,0.0,0.0,0.005417736538166244,0.023492856480803688,0.0,0.0,0.0,0.006869077547215686,0.0,0.001536799613547109,0.0,0.0,0.0,0.0,0.0,0.0,0.0,0.0,0.0,0.0,0.0,0.0,0.0,0.0,0.009146942371101504,0.00554305355172329,0.010399320282697404,0.0,0.0,0.0,0.0,0.0,0.0,0.0,0.0,0.0,0.0,0.0,0.0,0.0,0.0,0.0,0.0,0.0,0.0,0.0,0.0,0.0,0.0,0.01120476858220386,0.0020355910142753793,2.5811642813605353e-08,0.0,0.002473389609652835,0.0,0.0,0.0,0.0,0.013603675373718782,29
31,0.11839945425154251,0.7830609742892438,0.3491527518891424,0.5151758431023578,0.7559901525650354,0.3403543220698927,0.5183386900622748,0.38739914379987606,0.33469194138508235,0.1930144497624973,0.05118901255848453,0.1755464106715625,0.4603024103502796,0.12553878958393722,0.19264080182468488,0.2783986674904088,0.2356210472004463,0.20315034431610762,0.2238329282887227,0.6592256037549175,0.19052642258084,0.6606233154950208,0.5508319652087527,0.2564583414483312,0.32851341630628994,0.4550881223051897,0.4768114139378548,0.4793905557983967,0.7699185445165444,0.29513644745695167,0.5018431842486811,0.44595222077261365,0.29957612813222223,0.33260834097481073,0.0903132023910073,0.18004411626292174,0.07554900234928531,0.11867527799340513,0.11645551837099068,0.661918821984423,0.09300898761983162,0.15400484070041973,0.09094937390710374,0.14106203976401538,0.2635248645246577,0.10481057820766457,0.29169028417265735,0.29001790881287415,0.35403624968697245,0.7013879038995948,0.3103042463669821,0.5265851020764933,0.26165513004539803,0.32391714009477135,0.14882142173373228,0.5705925265944085,0.1594365641042409,0.37334722301133233,0.6934958216178615,0.4017335911049223,31
33,0.02577363579544745,0.0,0.0,0.0028330588158376113,0.010356651060534721,0.011554004044584973,0.03556385731769673,0.027626443462568734,0.0001751348798027256,0.021770832340220574,0.0,0.06237188515176946,0.010176913871301882,0.0,0.0,0.0,0.014192278730669403,0.0,0.06841751413492354,0.05975325728754877,0.005860531406906912,0.022441714819691864,0.027396903858662808,0.01759036282000847,0.028068589354741134,0.07509617207108552,0.021451898542077543,0.0,0.0,0.05596408196488119,0.005761817524021262,0.0,0.0,0.042787526807934566,0.034265530626603515,0.0017235874643324522,0.047778685345030485,0.012392148205513074,0.08025618290164951,0.034905720286738086,0.010266380900322121,0.021595589611626397,0.02644315375114501,0.0,0.0,0.0,0.041094729842267766,0.06615197806996279,0.009884030652109764,0.05070119490516087,0.05962368619826085,0.07831125063264135,0.015463881775412917,0.03696766914310392,0.058619752484858165,0.0,0.019792462432257553,0.0,0.0,0.0,33
34,0.010949044180557338,0.009967329513997076,0.05226596504257478,0.04949918977517671,0.06955260479733151,0.07425993012939118,0.07645437619889987,0.024794467100742755,0.14475268143474054,0.11048868823599933,0.16992572327428646,0.019568015791578172,0.07126469599590854,0.062261549415722865,0.11503162557129082,0.07664131017907218,0.06849020428018252,0.0,0.02918974833398099,0.023371104407610005,0.0810890318098704,0.1322848481222179,0.030091512795446806,0.0597168145170464,0.05002959313002566,0.031323172630841126,0.0,0.0,0.0013900606681424333,0.07482838643632293,0.0,0.0011348237277835776,0.020878262097344898,0.09420110752150151,0.05370620619029228,0.02338226076886307,0.0,0.0,0.015091892775959495,0.021643628930651408,0.1428587840816247,0.03653352048084362,0.11244546432418846,0.012176616926774467,0.04390243587725448,0.06150358232620942,0.20610305339492888,0.03862559622879577,0.010751707353436082,0.0,0.1156061428560906,0.062141062688191834,0.04092659882881627,0.04884498570900018,0.21675069877730987,0.13432456195592057,0.11128448381021941,0.15963768732277592,0.33725745112139166,0.006818203656893616,34
37,0.44812929254134554,0.31874755516824843,0.22340866274494697,0.1526991675862949,0.19400851822077994,0.2939173856681795,0.06836301225496727,0.18820337082368196,0.21771413491060537,0.15767690303098753,0.13914459109219998,0.19575127086406244,0.11743652770882455,0.05349571114919903,0.014864138847105957,0.10093734768897679,0.20315876021453985,0.20486525886300255,0.26705422839244397,0.23625864531797838,0.1843201208213617,0.09185486474556244,0.514440166183144,0.22356771045410243,0.1896591946123843,0.42610347005575355,0.276121711153632,0.33260648487808253,0.42122258702000864,0.24503162163716066,0.17982152639453233,0.10178651405551742,0.20104260941219382,0.40991974133861275,0.2731746087220666,0.30912777497362276,0.1397812219191224,0.17064086304692339,0.13221009867896352,0.24234076014009204,0.08224899697388503,0.001865375400509523,0.14188122620334842,0.2531760139895956,0.13282844805146704,0.1124246547003243,0.2512730268098698,0.3027671476279641,0.23679814649487724,0.14024453898619782,0.0782913694545338,0.010204379736086962,0.25430793175464633,0.3830235431921541,0.1465551890956333,0.37469432597290725,0.2931142619496643,0.2880923307977225,0.4633443623973363,0.22788833035541337,37
38,0.014280131391510386,0.1263035434768484,0.09163669079377075,0.1756142092493779,0.08067963065030137,0.012194333569072319,0.01464822710906212,0.009140610099938714,0.02122140710500121,0.043449410012088414,0.027376554918102557,0.05998347667082315,0.03152351415000374,0.0,0.0,0.0,0.0,0.0,0.000631996617087506,0.04217038053929456,0.0,0.012072901868963532,0.02214370406854665,0.0308315505507962,0.0,0.05719424246302695,0.0466832615356395,0.000204491393123611,0.08592528707557938,0.0106983445471118,0.05342182402580181,0.03209953124967543,0.0,0.007901114034608803,0.0,0.036632257387240984,0.05092092834989101,0.027766810466691872,0.06229614578148098,0.05095103692334965,0.024747366300888758,0.0,0.0,0.01952785464392462,0.10924309168142453,0.10809679165783607,0.08904998021970498,0.0002636556793751559,0.014306340800501355,0.0,0.0028051160185584762,0.026534114711643512,0.07797528974986834,0.06376221454761659,0.017074790969524783,0.02687202370445163,0.049773963748722255,0.04098657809637246,0.028216046324834817,0.03397493366978016,38
39,0.17555613125655753,0.10620219305234946,0.054517428901532855,0.08657324381973121,0.09887756246814085,0.11326405222892622,0.03848874987219474,0.08470182291333096,0.024839949797520897,0.08627587071509747,0.09884609617554685,0.07521727823689627,0.15825686888464433,0.11571759439520811,0.022661546261014857,0.0559955609861831,0.04922558541325371,0.18320523658523613,0.13713304575551927,0.07442726375643338,0.15236699921517785,0.12024253309202045,0.18359125003302107,0.035804309251109355,0.1472899237564145,0.14578414903032658,0.18834578437531257,0.1329821243969214,0.150863922389272,0.06522364762721254,0.08738991718457019,0.15803567900860133,0.04380918009517658,0.08208460639110857,0.11411563343628787,0.07242066444193808,0.001042782028201961,0.14166314782319248,0.06811646293225665,0.09852964908710152,0.06669715078987735,0.09192676971582489,0.13787822549000517,0.1443010849224381,0.15864130217398764,0.17471242411315455,0.039499219909825675,0.18646903874596985,0.019240190211830446,0.08187386644700292,0.12949082275145002,0.13572565048881133,0.17187804129554526,0.21540989554587667,0.12281349656587325,0.03659083738605175,0.07666346709420943,0.11950957013584726,0.04386403601097122,0.15610887259581369,39
40,0.0,0.0,0.0,0.0,0.009780350210099584,0.0,0.0,0.0,0.0,0.0,0.0,0.0,0.0,0.01700100159428609,0.0,0.0,0.0,0.0,0.0,0.0,0.0,0.0,0.0,0.0,0.0,0.0,0.0,0.0,0.0,0.005222628421188367,0.0,0.0,0.0,0.0,0.0,0.0061362008234677225,0.0,0.0,0.0,0.0,0.0,0.0037593424023543024,0.0,0.0,0.0,0.037570724182077714,0.0014273767561411837,0.03692433097155837,0.0,0.0,0.0,0.0,0.0,0.0,0.0044777708078414125,0.0,0.0,0.023990915115123943,0.020268676178826796,0.0,40
41,0.16701264280827785,0.07624929011970266,0.0784416696520564,0.33145265764838505,0.2487399084604517,0.11601950433392696,0.32540370869875845,0.2825264904703343,0.20015015673046993,0.4216960606004543,0.3364077446456215,0.19204108318786664,0.0697803539256233,0.4473421048052455,0.06448439040709728,0.01828607557136816,0.12153310717458045,0.019121350930300735,0.1005012327087523,0.13100230438873,0.025791568559624698,0.33131632519550047,0.22190726108177883,0.3530811095737453,0.019014133699437892,0.1326604094330099,0.21347485106395267,0.1352779684385805,0.15403493773063925,0.18474468264796085,0.0394205280435409,0.04996451075186444,0.11102644973701913,0.25134354069618153,0.08860658324103649,0.1717139966592688,0.0,0.13293716799666974,0.45243068345360415,0.1462797155792502,0.2543010796192614,0.3034938994343346,0.3210667227674924,0.1046709513396507,0.27257836274262603,0.30633491939180557,0.38955294544097496,0.060124641400823346,0.20999116141529955,0.3748524835686116,0.31146022535990303,0.34013421430325486,0.12583278777742565,0.3747946195751309,0.28647704404378205,0.20031342722699655,0.2774526136348045,0.29113960298357583,0.18049124883941697,0.07246108105671571,41
43,0.000903817983076711,0.0,0.0,0.0015294513693024415,0.020712227462648482,0.025335367861541714,0.022854736844952466,0.0032661094783988263,0.01827766349769775,0.041006019033053856,0.0228486700312569,0.041362257122827754,0.013878985550164905,0.014315725344969511,0.02095573294125289,0.038465385551137696,0.011176028333113607,0.0619831966967719,0.01918245979710959,0.005683573291308212,0.040545202695405715,0.00015874173815699468,0.0,0.015199921338928921,0.0,0.0027685836674256384,0.015344331831679674,0.0008657655079248377,0.03310631321025482,0.01188995246331863,0.005262514825345699,0.05041706659948495,0.004613193088999139,0.015797056142352803,0.024139103760695238,0.014779813973836068,0.01850973401417119,0.01525000695400863,0.04001684100611744,0.015214629587205947,0.003461265393050994,0.04021984484422787,0.010112490046050873,0.006292660853587563,0.07047685508572753,0.034183015740998655,0.06042731398499493,0.03020904776380987,0.011464788069826048,0.0677120562677757,0.000938052637432016,0.017509773279381156,0.027615017484240605,0.09812424036373192,0.037680640102670665,0.04979990586432757,0.11671250561481337,0.06282326635706133,0.025218753227669942,0.0,43
44,0.0,0.0,0.0,0.0,0.0,0.01242180380864415,0.009789918413416188,0.11668145729185468,0.056078427317392085,0.040876591207987166,0.0,0.016573205663559316,0.025385408113876302,0.03255400460906359,0.03049469326610552,0.13645886582355768,0.029404654331812597,0.0148937382876226,0.02296879515246197,0.11117317483867196,0.16546910144715055,0.11323442587217365,0.14650389230901634,0.1896885477867178,0.24113103748082473,0.22781934223185588,0.3585430861336968,0.06428702138699814,0.2014763682986393,0.252936096135468,0.2181046970963183,0.11052636414335963,0.23803315828828187,0.16302059536981928,0.1595760365852714,0.12413554169703471,0.13126279189929774,0.30572654085326295,0.10895899932860065,0.04826941942130524,0.16641962098936242,0.0859147338220701,0.011246773203366374,0.05165492671165454,0.1792218461431648,0.15102641229806377,0.11832187656364507,0.11371102532196532,0.1721511747564151,0.046282043973922334,0.10716862731311554,0.050293242350696384,0.10696735820955033,0.07008281372669536,0.061132261648800035,0.1457580561273223,0.10003922008632651,0.1119065534005556,0.07266006595802235,0.03013163816199861,44
45,0.0546815453663564,0.029770699235558393,0.02032248864500266,0.036362076247987464,0.15354506408812157,0.059643839184195226,0.07521252435315451,0.0641974177100468,0.3592534980490824,0.3228590058836239,0.08348538025648759,0.17249821258863313,0.09078592180930012,0.07442602713494954,0.11355793325064661,0.12423532648831039,0.05152763056812507,0.02418303896476527,0.036817928984358934,0.08660528091322602,0.11192063076949278,0.1364108113654773,0.25233810059998396,0.060276456470265985,0.06786009730197295,0.08625806804735607,0.2693799996141926,0.06230725335255686,0.0010584949868837092,0.14676648273748366,0.0,0.015153565935519829,0.007314857395805288,0.11220796087302293,0.0014950761555378733,0.007657287111761854,0.0139089624386482,0.0,0.0141040219621805,0.004653598375077369,0.02735728572232615,0.03300300574744839,0.07396277894986063,0.03190205167132559,0.054424027463375366,0.08978030127534588,0.1843266781297175,0.10036171727806088,0.1792496061412894,0.014809228839678718,0.016939243525691237,0.12935735199840012,0.16381681546945037,0.037597257872341,0.1256096088216096,0.1411545759970968,0.04208430777749099,0.10344448780905957,0.11767781390553267,0.0,45
47,0.17234342308285208,0.08578331560372068,0.2764214825578584,0.1094615087765041,0.12105071423808499,0.05301191885771623,0.06563568069441816,0.0,0.09141581572697825,0.07886323012900157,0.15952829072419214,0.2045499316620267,0.052773066852209935,0.09011580055507226,0.267009262149116,0.05677263111718156,0.24634098392269402,0.029081613300022475,0.03800036885480096,0.03583888014869705,0.004834608633995922,0.0,0.03525524159837097,0.14251563221364955,0.0887796975998509,0.05291503373150806,0.13251168141757186,0.09792404735366164,0.019912642346885456,0.38797157613109556,0.122633014853441,0.09277017231797557,0.0885973254815275,0.21459148421646967,0.004934083384989967,0.0,0.0,0.004177551091240235,0.0,0.005827906390907527,0.0,0.03361868992040764,0.2578932296211578,0.0,0.0,0.3375252489471578,0.07970595636485985,0.2959690870577573,0.15749447620692122,0.044771962438108326,0.016282490289259367,0.09727008078551269,0.26952865449833907,0.06248355609181142,0.0053965993368846965,0.2653155535978707,0.012061164251789856,0.002971599332973753,0.47153460987751494,0.10090945230570525,47
48,0.015268251697434823,0.0,0.038856223119413655,0.011702885646619421,0.0011214188584567286,0.012680856666445682,0.0,0.020824934891622536,0.009352261314837525,0.0246608646269374,0.014555125911858598,0.07870939676926472,0.06695754095654985,0.0,0.0,0.0,0.0,0.0,0.03276285195997749,0.03164844720217185,0.0,0.023227284086415598,0.00021385305081567522,0.04404422146926076,0.0,0.0,0.0,0.0,0.0,0.0,0.023845098016404317,0.0,0.0,0.0,0.10370842841132825,0.01723939712555219,0.0,0.0,0.0,0.0,0.010639039496849693,0.0,0.0,0.0,0.021810510406579952,0.02457342525866303,0.01202629873194531,0.034625459455360504,0.04295921198993965,0.01277767554172428,0.006793239445972823,0.05835401903491668,0.0,0.013220698978803562,0.11617148507327335,0.0778569396058339,0.0,0.0,0.0,0.02106521734574419,48
49,0.034102201828303653,0.0,0.0,0.07500836348853547,0.0,0.03019439912731587,0.005930593466851836,0.027957037740299052,0.0,0.032956739838461264,0.0,0.07377640860239501,0.03732516861630496,0.03507515352423104,0.08847804154372943,0.10583963710363743,0.07736337822291339,0.13522108076601644,0.08296505044310089,0.0,0.0,0.0,0.0,0.03527490155271815,0.028519575385069884,0.08447510675946025,0.09291888351833741,0.0,0.06005273987502557,0.022370135066040502,0.029999162620322633,0.03867470201244886,7.845335811282354e-10,0.12514200962175057,0.216419094219054,0.15485346445526182,0.042465657477564867,0.009914655455033393,0.09254475419406286,0.006346785159087165,0.09115767693632006,0.08175495717207147,0.06955777786545084,2.853559021995955e-09,0.028547197243538287,0.014831848449177742,0.0,0.0,0.08201549309046774,0.03714047403769959,0.011814701669045077,0.0,0.0,0.086792257561813,0.11150182707011269,0.06218877449485331,0.11790527865650853,0.0,0.027386260285541413,0.0030118197765273214,49
51,0.04444691091454294,0.12113335555610924,0.1217254466285239,0.1311666628513849,0.03536366471814177,0.02237107198289723,0.09134058187896185,0.0944578402535335,0.0827213871788481,0.08252976302035772,0.26525778290947827,0.20268005818316406,0.47208959024245556,0.5632903891445129,0.5108517973662244,0.19339450022039503,0.06106917187984721,0.022307224373431914,0.18802149272059904,0.2604570924021379,0.4168232568807597,0.25747422980187573,0.4763487843574987,0.0935725545219024,0.06930113247298529,0.1306534472389871,0.0495044585034107,0.06923482278512046,0.002458456555609633,0.08044205547050008,0.021999788907532878,0.023202136178838668,0.059887993870092325,0.04690216779185507,0.02943990484468071,0.09663168933300799,0.07612425458565442,0.060910881457063526,0.06368677377068528,0.03959562443741602,0.09886921724942473,0.02342390775925083,0.0720240080029007,0.0769815871104152,0.09541557800253801,0.2790344473824312,0.042051069331659426,0.1872827446444194,0.0023712437940070982,0.09420365675256485,0.05817618449559281,0.0554347215736385,0.1551884791079994,0.18635588535276254,0.05463818233334763,0.09052317382350708,0.04238494915939673,0.023256103942871382,0.0,0.20326306316384896,51
52,0.04740145709074244,0.04892103893431005,0.011999553232868283,0.09564142076287778,0.11551562898938847,0.0,0.05202878108112656,0.016075925332311516,0.040350785916910714,0.051428807362852456,0.020873739307488464,0.09149430542027792,0.05446735900050477,0.015219935310579389,0.0,0.0,0.0545249266921439,0.05251605223753014,0.014123005542144105,0.051320554198719844,0.02115081596546995,0.005906041395942873,0.0,6.0229069124139185e-09,0.03275846819432758,0.010544854569064432,0.0,0.0,0.0487903428502018,0.14415876961534274,0.013716965471277386,0.04662494338221498,0.04798318205146019,0.12905733689633794,0.005677122454181791,0.0,0.0,0.0,0.03245010557701797,0.020104548482418404,0.017009405998965922,0.05719019546281644,0.09942129354059939,0.0,0.0,0.02709148078936603,0.05183861115548315,0.12792578265357474,0.0,0.026753028397350217,0.08740252238587387,0.010781529959942207,0.037799180432908135,0.017258348504803612,0.06206900153610221,0.12933088218472857,0.10276646199451273,0.08497713061724965,0.027355264079814725,0.03706885396644571,52
53,0.23600365581440375,0.18073377998306656,0.2509781896569935,0.1113039270384833,0.15522178819106652,0.25051125565846477,0.131267641069654,0.16092727686239006,0.32769254480478,0.3517168506730404,0.20669090404157364,0.09854586242246634,0.06213742680276597,0.039912308226629424,0.09579876869799149,0.026838673399975258,0.19876925668147605,0.09865849359649181,0.07617030983686084,0.037494596798823526,0.05113587042190433,0.07706834652127474,0.15210004427783572,0.1095706342274319,0.07530800265972916,0.0,0.029017637221159395,0.14486086466245673,0.07678135589260836,0.1508536281561989,0.04468450456906827,0.20863222014257024,0.17443963146850064,0.03322441299104908,0.07832534455543551,0.06119723494620116,0.24446387201404832,0.0819351957609438,0.14462649160460098,0.10156076917343622,0.12487855992445007,0.21674734074004262,0.15192893069786306,0.04192520162624779,0.2739845296333763,0.3015964514742079,0.315060886449376,0.0413766468996587,0.17235502633202288,0.29370710017597207,0.10495531702524177,0.17841158944247326,0.22478159050998456,0.36074674120661676,0.3027215850442712,0.1958182463257467,0.22991377214450123,0.21448051006933225,0.32038914935453666,0.031168418143638174,53
54,0.0,0.18610690297652047,0.4944688911384843,0.04247051810903468,0.19933965057800745,0.109265585517329,0.18815061396623592,0.17799513208850393,0.0,0.0,0.11938933703071967,0.06436526812037818,0.05690930567024334,0.27277906227422594,0.06829708889304055,0.020536243212362252,0.0,0.06758009150950842,0.06402416085970435,0.069387469572452,0.2861183292513102,0.07375234765571906,0.0,0.08079377924493353,0.026122904063873947,0.0,0.004526285182401288,0.395889663693533,0.0,0.06031470914430271,0.11490470104558115,0.167291469619566,0.056014138073451326,0.17477684086755596,0.0,0.0,0.0,0.04910778107784232,0.014221996806216212,0.07405600829927075,0.07663251233685126,0.0,0.06154643001935686,0.2341512544009067,0.244730117024918,0.3875185400332786,0.01362131943821269,0.13004903045593025,0.03328126407181948,0.12009343004009776,0.0,0.013146041636808634,0.09420745546001906,0.0,0.0,0.0,0.0,0.0,0.02691867305823801,0.0,54
55,0.0,0.03559848793085784,0.11010833533877015,0.03760205752223692,0.0872030203049392,0.014176463831990954,0.006642585940147572,0.04151475788551451,0.07407146410740749,0.02395628274218295,0.05481959842380836,0.0,0.05724775424747588,0.09823048578726057,0.05028870287469297,0.04983524720042802,0.0619819768377642,0.024561470603660054,0.05665986164476651,0.09683343041490394,0.042245096886088816,0.0653570327216035,0.01532861837553662,0.0485243873968283,0.015899095662970392,0.007143493284438231,0.0470233070108756,0.044198450072463605,0.027271478865011644,0.047779854670727206,0.01596378380970879,0.03167473571567687,0.0,0.002874251254921021,0.001911847078518247,0.03287242672068507,0.0,0.07279631246177266,0.06389251409945555,0.0784605052538884,0.09275638591028305,0.06922020350411184,0.12213722475261221,0.027392685330735744,0.10740398407889416,0.08891590537160565,0.17973426860124378,0.02871905315240483,0.1346305000079184,0.08067932115040904,0.18417226616613652,0.05846244582836118,0.03862403022956533,0.05277221269916077,0.11181051439747638,0.06770637606398777,0.11326320742154782,0.018906180513642876,0.0015224424453503039,0.014752283378310487,55
56,0.11792908763439051,0.15177857518559676,0.07596928855333965,0.13612539675339805,0.04795977104144854,0.10421085027266185,0.018660950158331698,0.0761849805367787,0.1526524400914168,0.14013047251205527,0.1428760808977713,0.10107108820029102,0.08710286428445106,0.07165444233934336,0.15440216789500455,0.13461502016666765,0.10905277264490419,0.2527529572493094,0.17936933151503284,0.1906060794011676,0.08323592120443005,0.08525394425328679,0.17960317427940428,0.04556389809589085,0.06164153283271088,0.11278432346596196,0.060142381414142715,0.22713543550296303,0.19686507278130436,0.12012943565111822,0.11375920243244621,0.10673802706224352,0.18393228434717407,0.21538029007481665,0.1383965321566788,0.18476176800901506,0.16201305643610767,0.09581604159946752,0.09400152774276385,0.18282074387332403,0.16631209001200833,0.1745397718886889,0.12111778671163363,0.19721088663289266,0.11963667846249197,0.12397970621785949,0.26496881201632083,0.1035362278822671,0.08281800406637416,0.27744835608142826,0.0802763457479045,0.09269249952296812,0.12635347626116095,0.02656492569076683,0.15251653394384626,0.14771847040128258,0.31788079988960977,0.12058849951267309,0.38548157957759793,0.12152504512567115,56
57,0.4167859340363486,0.6025054695867736,0.3461534662167811,0.7028114255744086,0.2452752758350612,0.4770687778326929,0.346233258895114,0.6934860585241244,0.2841948433463264,0.5292249267101709,0.5131446814143591,0.3692102002655449,0.44424280894918117,0.25872415739753496,0.2726375733556027,0.34534893131671857,0.25456953586633224,0.8507225050618771,0.5929988193998376,0.6378149066084864,0.44071208216503577,0.5150731391882245,0.4879652866734856,0.5645732085316635,0.49473882605667097,0.970459289048164,0.7095580595386011,0.6891949291959212,0.5050380691846708,0.3166806000555615,0.3902019589038614,0.5111418692701248,0.7812015327296183,0.5238635800847222,0.354429398207062,0.21622324356953196,0.1558245077525353,0.41851107352313044,0.30002714593926033,0.6600940918973024,0.319833191923189,0.1407467945283714,0.22298073671104673,0.2585451529654419,0.45012054606104657,0.3818025351739059,0.4903455439891983,0.5915792087154942,0.20869052001369034,0.11116223548597536,0.382423624974373,0.39052429005655026,0.7773582944715954,0.1696228221162431,0.4151437624920785,0.9220918612532629,0.49983092354833225,0.3960250567328328,0.29371705016184246,0.2310656052437028,57
58,0.0668404238163015,0.011395275300378049,0.03755813005571511,0.0663392353385517,0.09091377851688269,0.07814843771526829,0.12024746613237107,0.15339565620367132,0.11696923957761171,0.06779216502622325,0.09285005096757666,0.15562953826670156,0.15505399609754186,0.1224552969315104,0.12920931375696768,0.10999228536521571,0.00859323370302016,0.1111797866958328,0.14696414839086394,0.08569775685083084,0.14471969795224474,0.11122174668227147,0.14529509560467158,0.11519251517040328,0.17431204962109176,0.15465146113333297,0.06785475696791668,0.16664056420250026,0.22171397318134767,0.14966592583626892,0.09444715297442699,0.08970699675449023,0.13354564084292145,0.10262779480771976,0.08090609913970372,0.042833556299034084,0.2014094573742429,0.07114631184900971,0.06899512095152951,0.09605069626086006,0.11008095229360851,0.10679826892529432,0.07494114756967293,0.16489761646448212,0.050036085119460096,0.03472191332164921,0.011016366962120213,0.12514409375591287,0.13023022768655698,0.06944328151535735,0.11675480994977294,0.17827900067529653,0.10625820914493637,0.039761724037929665,0.08548645440916568,0.06662759220320578,0.12501961616290377,0.013551040841429248,0.03258418700992022,0.059453402478063085,58
59,0.48493388292330786,0.6904083737802865,0.26209553109999684,0.38547160362477617,0.19596240215251307,0.3213829107950992,0.3162326657276731,0.5243160278664651,0.33998633206383894,0.24400425811565418,0.21473468155121322,0.19436547211412405,0.31829082867742864,0.16701960233673008,0.1200202120256765,0.19908615206060917,0.10455392845762213,0.4885197012533585,0.32096184050767,0.37850229484694375,0.47244095461699165,0.15504482292623986,0.21945090507873508,0.19187030511090877,0.37978076343932515,0.8209107906091063,0.6893647660441374,0.31216405164093963,0.323696144582261,0.1372962010202112,0.27716734127475307,0.5395737066674485,0.4658737341297879,0.17462698953873557,0.22442445387136878,0.12406271188607593,0.10160329236314486,0.36803206804603994,0.32634119784931287,0.5138524767040463,0.1732282991350329,0.1624345947211523,0.19830561851959563,0.1439303774190327,0.273834303858225,0.17582548699181635,0.3081278213984594,0.5140362669440485,0.06531771793327867,0.09254971680411661,0.48068199921354554,0.1362606285680589,0.6969275339258545,0.11476681048668146,0.6614284729199891,0.39451044807971775,0.34832470718404684,0.22503872216344925,0.2799394693930443,0.18228988849398792,59
60,0.0648051529625654,0.0,0.0005987297209260911,0.07082604032125908,0.07258196440226902,0.08733728399978648,0.0668380092166011,0.07641379410187939,0.12194994392296035,0.1079036625772337,0.14475434904351614,0.03654241396806621,0.036532879707033554,0.06192807870440615,0.08444234132039238,0.023012402050104602,0.02892815457425704,0.024234350635563277,0.12705543928486587,0.05521283864351451,0.06707651333531812,0.05657476889197382,0.061501488574542795,0.047636029039256574,0.018202029628055606,0.0,0.011279803606893322,0.0202985167303236,0.023377134081777978,0.011701085992838652,0.0,0.0,0.0,0.08084809717590397,0.0,0.03364253852852508,0.04738310570582161,0.00400855075784706,0.021769472867143314,0.01293461274041597,0.053646116508807656,0.02892447289546077,0.07207599850200522,0.0,0.007172724013069491,0.04288806763255802,0.1766440292371227,0.1046344107163427,0.09996546983608791,0.05837077681464134,0.13948992293597337,0.0030739156842751465,0.013367353993162433,0.013630135483625428,0.13988552565711607,0.056415853536720566,0.07635098625089108,0.05530074851578,0.06374318707561344,0.0,60
61,0.056678961769247686,0.014818349014831231,0.009103138868936109,0.05846288854029839,0.04623474917123055,0.030561776727878052,0.030666410642410106,0.07822010011595122,0.11259640825063878,0.21581846238223165,0.04468255075656935,0.05634962734618769,0.10749993760349583,0.020381933339855014,0.06155962718013951,0.14887649725875257,0.04594433820940905,0.05815943477379111,0.048061295895852854,0.0843436578378442,0.07310418322957392,0.115307060857832,0.050896748708776064,0.0,0.0,0.04982355660659421,0.003502964133894746,0.0,0.0,0.022704834495712027,0.0,0.016682961812959383,0.02917851076522047,0.03650214441394172,0.0,0.051660681033456377,0.024825003407001563,0.0,0.0,0.018154745425003515,0.043065624526376994,0.0,0.0,0.0,0.12975262231648874,0.12254363470577177,0.1718535384038747,0.1622039829090469,0.05349571889247922,0.0013363040207886548,0.0,0.06103630176580506,0.05078235375089832,0.12150530228509168,0.06640982281411363,0.0,0.003801355348231111,0.0,0.0,0.05652832355329812,61
62,0.07492485253910285,0.08280159343614596,0.0734505713052515,0.09069755075746629,0.22781884536184954,0.1537827303861617,0.12203693622895401,0.0730813757860708,0.1226995499678776,0.11555902292421887,0.2015819987654826,0.06125436451075373,0.026393594327845653,0.14913295729444273,0.07612639124302037,0.04365461466229964,0.14328914383514563,0.029806148605349865,0.08089504776956108,0.10480811271997313,0.12911916091197445,0.1712453811329047,0.05434748577197517,0.030481807382503768,0.08000344945743253,0.016978416427534056,0.0,0.050486227635476465,0.01054172648257868,0.0063647707242156515,0.024540982558837066,0.010234510568115127,0.0,0.0,0.0351608458714192,0.11987394931066007,0.04861682433711233,0.1070392326898662,0.07549683027174149,0.07505630491487017,0.13760778687074232,0.1661898047607043,0.10917252670994651,0.00147859434315769,0.1346179652085222,0.14217009851180137,0.31694746123176976,0.053913387128948206,0.09899115163324215,0.10869236659861321,0.14638664743904553,0.01490306948893362,0.06650526821532353,0.1764439171846589,0.32196815585870414,0.2675857875827471,0.23709892336666957,0.12999848903126468,0.25193675490863165,0.027975366703027724,62
63,0.02786462040990926,0.02621551336998937,0.11524819186073185,0.017705502974270596,0.026476377059753066,0.0683876044145056,0.012937225459014979,0.033583960254312296,0.013154374165674488,0.018213177792395143,0.16153666598520952,0.009321006528320448,0.015804139411029795,0.029011077005777985,0.01823411158149526,0.004101599311332761,0.11478565272661947,0.038194841796882824,0.04406753696996772,0.05879998173623329,0.03414139913242258,0.10850489481074267,0.1395414907604683,0.1968724215780402,0.22445008816295567,0.06133296042937803,0.13434661456681557,0.22606910402294028,0.28420151694985024,0.10304753644301487,0.19927832719675673,0.27928866208514397,0.256326025952594,0.25675691499752434,0.24089440292421208,0.06758767360690492,0.19053855099702174,0.1528521600119848,0.011433847283502087,0.1899906256918542,0.2292203379744023,0.15516459435538932,0.12323116111774762,0.0,0.14467638453195186,0.006910537602963545,0.1758683552249079,0.030220424305243014,0.07527820715940797,0.006943162613712754,0.0,0.10166545883132007,0.08940169672504368,0.21282347038756202,0.14951422030944655,0.1287775611341398,0.005554645116609471,0.0017423845215869592,0.0,0.04750565432690007,63
64,0.0,0.5756239764397114,0.3086485885472481,0.510551520378407,0.20334882612470342,0.8689710171257634,0.3954083640674432,0.2503688334806497,0.195845401066283,0.1653835717520003,0.8046953342199824,0.5069975520909369,0.6736311752955456,0.6862348706834983,0.2461536038099346,0.18331861103270883,0.2859212338857526,0.1324824184327573,0.14335413878094588,0.19541953891643443,0.21619906508543893,0.1858402532628232,0.5676751639452431,0.6484251754802408,0.6020187063138784,0.02003576052639774,0.0,0.019636503733171013,0.309566799875009,0.02008807962885454,0.4588624674414739,0.5806622499089146,0.21971118564128211,0.8127843006988564,0.3685920920535566,0.10560537176986194,0.10019406213835075,0.5532564702678179,0.44037381327921615,0.3289873543072815,0.20200605379794923,0.06850923930593736,0.1546628797899587,0.029414730445393993,0.07298649455939744,0.13733845923418336,0.6315483953449998,0.04182662664070793,0.17636549389573325,0.04492833375156856,0.08542310560362491,0.4590039299143397,0.3325112580115495,0.20047015062364434,0.22382278322541027,0.2904311297815744,0.0,0.0,0.1601965883714465,0.16967725537789133,64
65,0.0,0.028218548852833075,0.18428018231540258,0.1019504957046857,0.02557066617279042,0.07924166369121387,0.11539924328089461,0.18315313442813455,0.1263320513158746,0.027158827122685827,0.0,0.08355276177092368,0.09593970953649239,0.1363122426359173,0.026982976438684293,0.08068802847171716,0.10799980545145042,0.10130203722013408,0.05283524388462516,0.14705796920228345,0.040752969033040216,0.06429944047582568,0.04235092123380757,0.009080759085961784,0.19931878870456216,0.1463879460460293,0.1985943493421429,0.02890565104108882,0.1819772020103542,0.02558834750822049,0.1279798291315825,0.1987803709855156,0.09165305644972493,0.22164125495017953,0.2983029555244366,0.20482597238151487,0.204947451746014,0.07007732548838062,0.21416609139226253,0.08567651052963546,0.03776074887331049,0.052403905322438306,0.0,0.11266239226362469,0.022202168196053033,0.06883539780700193,0.06127927804822857,0.009059689487972264,0.0,0.024684034039611214,0.0,0.05061940194812332,0.08560086233326912,0.26866868924596504,0.18400302340341665,0.18486924877237226,0.035786154905721,0.23405039818183154,0.17320260609522542,0.0,65
66,0.7951775479381172,0.7531404045084041,0.6001870992178174,0.847688876229919,0.9319112265415376,0.841604577745255,0.7050246844892473,0.7410313493943363,1.1802742292543744,1.2932099051935069,0.8741278585902904,0.8251894277196844,0.6405984115163977,0.7380123775454633,0.42932546469524036,0.5577086157660615,0.862527534290921,0.9019907309140717,0.9495113655704057,1.2881337425766077,0.5895054385823789,0.7634987963502267,0.9962585452593035,0.7007731181171836,0.6904340161808364,0.4628896681863743,0.3516261784833581,0.7018572065637858,0.4602074549811739,1.1624589733016322,0.5289493164680301,0.7350416319315792,0.7541120211341825,0.8144205461547291,0.5325584047387186,0.7005731684915314,0.7485851772378553,0.6619773687391215,1.2664471824699588,0.9333764559339778,1.105253259941461,0.6601222055465834,1.208335035403802,1.001578726976178,0.7790355602535101,1.2400095804137423,1.5250198414677543,1.4829354173423572,1.189852503823824,0.8518153298169243,1.1062884642399926,0.8507193459827175,1.2331836003525964,1.9129390885876023,1.1719268622057522,0.49317064396669325,1.085334655634041,1.0640904002550673,1.0990486992372461,0.21542739454798168,66
67,0.04120091079585485,0.021678127643366175,0.0,0.030164809535500485,0.09935865469348797,0.19219205935835307,0.15206175873410135,0.1882327977989734,0.4260008436503839,0.34325372778041735,0.2281424787671467,0.04306617236868799,0.08833831197189275,0.1364589970303176,0.4096207392624149,0.1589371444918937,0.1410287881073709,0.04742525473295565,0.17212327883981063,0.14541539392999417,0.07813160227244696,0.15248682209988498,0.049702850093905564,0.2683492170241384,0.03541500313910648,0.004313617778237122,0.0,0.25373781179494426,0.0,0.02350534639611779,0.0,0.41406583091881827,0.019648242140076547,0.0007484534669864436,0.010207409169315217,0.11249041709308939,0.022525248899432058,0.03349195137813822,0.18165329252207812,0.12646910321320626,0.25819519785224404,0.17322006006442683,0.23234682365461456,0.03635412684465383,0.2756773831061579,0.43857863213202997,0.3708551578024522,0.021139157346818222,0.07378780845585046,0.05760669130923453,0.1542262254796712,0.16569058750785198,0.04148158904327075,0.04967087246663941,0.3362495384929492,0.07009224936050859,0.3057978899570447,0.08187166933442164,0.2028665437194323,0.0228365853118392,67
68,0.05246524307320347,0.1475994707893431,0.35512230632678515,0.4934470722031377,0.23057870097598093,0.28129753794819784,0.4272930959053167,0.26134204246151993,0.16599902462587182,0.5206574624531813,0.4232905558611572,0.2437657567866343,0.19199757804987194,0.1287372625233832,0.3547150450571884,0.23058312370673778,0.3170819127768902,0.3014025813094291,0.532302311993701,0.2353320230893915,0.3294451157740782,0.20470729049373457,0.06759164503771224,0.3038671693663735,0.2765377361025589,0.28963667573479884,0.30169791933999923,0.4047865005825295,0.13327280439653225,0.4817421712486343,0.25699480329197655,0.5056380540554648,0.48543843618425786,0.41093952320141885,0.3033086103839023,0.39680479638763316,0.5073252136719621,0.4100911266303371,0.5528149419876739,0.39696831739262667,0.45683785079135647,0.509711143931747,0.6751850047622472,0.3482612608458799,0.3264190065112806,0.6178149236831273,0.3093124882248943,0.5910037016381724,0.8781152324435574,0.4425664162108243,0.4933428369415793,0.43516530282097565,0.5048786279266353,0.5341140933957361,0.25386415926476613,0.5515704418598188,0.42363006481997095,0.4881520270563588,0.39017441676033876,0.023595157462145917,68
70,0.05126177859070327,0.07402583161820628,0.09232362407950372,0.09146938389843821,0.04137270997507858,0.03335048563511052,0.04423357879079375,0.020939382836288878,0.029748843412338487,0.0,0.003568991112983323,0.14357232822612892,0.029447854214005736,1.8243283120239312e-09,0.036886930822583486,0.00777480787412013,0.060485434724688036,0.04826812641744623,0.017676499277255137,0.030174960321091192,0.017022828087008716,0.03672956135316242,0.0,0.0,0.0749171095650399,0.13930349850039497,0.10107994978584006,0.0,0.024484000180642035,0.04279609161684924,0.0462985918955701,0.17551757153097466,0.008638054919870424,0.09111595662125681,0.1798901845488793,0.16570203840287204,0.15940560814959184,0.13708327733470138,0.06046093635384512,0.08512644628962558,0.12047868148713466,0.03991018836099818,0.0013205070134757343,0.09322254884476933,0.11583306080439665,0.12752710619112329,0.029502189963422853,0.08749808749855498,0.21850478709671783,0.13683633893058042,0.007092424688943228,0.0021246100525850868,0.11067858562702977,0.08357089495945089,0.05395197642936325,0.07414821735044841,0.06116418463253031,0.11885829995550441,0.023485805748824667,0.07225611770295358,70
71,0.015667747399721318,0.02927400506074274,0.16654680815364906,0.08902123492774103,0.078528154510992,0.16033422815872803,0.06610734016323754,0.15885009481357054,0.09359828414953532,0.04942686047052354,0.12487789477826224,0.01307428756477025,0.13068427672278304,0.08760967204766582,0.08009601030283138,0.04257442248665157,0.0003044409574916291,0.10149267051266929,0.012991441874531634,0.04722566082699347,0.14601606996502567,0.013787263811750466,0.016094036381364342,0.027489337368017702,0.15021454763192157,0.24702833284920017,0.14135597797949942,0.02464630842669217,0.0,0.06596199936024257,0.024209324431513714,0.35029039157024183,0.05533652960068784,0.1077148478146051,0.2944229878038153,0.22980116812391127,0.2867366736588704,0.06799192744392395,0.2874926781916746,0.006976689452719838,0.027414570589569,0.0,0.0,0.0,0.0,0.017727898042515716,0.03535041834553656,0.0,0.06697684063899913,0.09826198569989196,0.06933632334634027,0.0,0.0,0.0,0.018014654703100014,0.0,0.01854481671188731,0.09921302171202043,0.09128190066256076,0.0,71
72,0.0,0.0,0.0,0.0,0.0,0.0,0.02089385628936118,0.0,0.0,0.07063201487886132,0.0,0.0,0.01356958310775434,0.0,0.004690152539058763,0.0,0.0,0.0,0.0,0.03502756384735449,0.0,0.0,0.0,0.00877704693114534,0.018562479699116716,0.0,0.0,0.005002523439697012,0.0033750391360817924,0.007430180926708241,0.0,0.0,0.0,0.0,0.0,0.011886581802329205,0.023331318316032915,0.0,0.0,0.0,0.0,0.0,0.00045553893144843137,0.0,0.01962481346517396,0.042428020401688596,0.0,0.08946044700705022,0.10274696505961312,0.008525949224955668,0.0,0.019590401407035222,0.015436671290252255,0.053347037637482386,0.04489841464987714,0.021903579509991188,0.014412736572227454,0.0597841565602965,0.022142736957637053,0.0,72
73,0.22550929316524115,0.21238936548221504,0.30236761434491427,0.1757944049277902,0.11949907305639042,0.0433987934915519,0.1648669201257312,0.20212761116527125,0.13448954088885187,0.13369701749771398,0.26291790779500956,0.18001123706749828,0.09171413748601068,0.2125772795614557,0.1295128636373639,0.08849195754293067,0.1609580659113674,0.12237317378718758,0.1037575430108368,0.202351649349422,0.316364313290139,0.2093748193161301,0.4341378442099851,0.26952164511338306,0.40139960528550783,0.11150062228463657,0.4909195956705207,0.4809257473491489,0.6772939118621504,0.37470861993943366,0.5630211953201022,0.22964392688623,0.3221820965608801,0.5526001671790908,0.2431513053508796,0.3123039182258678,0.5023493464031688,0.3960284918682774,0.3474060734712548,0.14520104915101564,0.2607838365302458,0.23842573175312012,0.3120508540535918,0.398068433677373,0.25437801585088315,0.3792475493280006,0.1785857838620266,0.37890937414733983,0.15569163284763815,0.10475346082287425,0.18307127783995736,0.11790160610280442,0.21912370206838697,0.15634782003025816,0.04380357182169052,0.16889965594185963,0.3017306511715812,0.3272430414979228,0.13650233046896518,0.2154334249240428,73
74,0.05329815150817416,0.0,0.0480247138325774,0.06788087500071166,0.06207781860938678,0.050774427107041525,0.144516679888743,0.04839691402689737,0.0,0.37384822095658615,0.0,0.01803804946212747,0.015077536073302119,0.0,0.0001359517849823062,0.01436842127510299,0.02307645747645074,0.0,0.07257266913376557,0.0714427405011943,0.0,0.0,0.0,0.01519011266080054,0.02000154511418629,0.0,0.0,0.03443873649387726,0.023507469343954594,0.06465948534265706,0.05280441259452996,0.0,0.001555643908185505,0.02161866613645256,1.300103380459052e-07,0.023185878212738046,0.0,0.0,0.00989240935262673,0.017216269196428546,0.03954345876392875,0.04818470638445709,0.07549067467939566,0.10444591803957118,0.04414064975991997,0.07478076153393291,0.02574309745981403,0.23724345016890505,0.11697331300039047,0.02363297768276925,0.03705284082896339,0.1333632359865698,0.07722592543309469,0.18229266175054015,0.09259849407359348,0.05878717693287637,0.051248755247733396,0.1261432351058138,0.02127192717845202,0.0,74
75,0.0064266114992413996,0.0,0.04975463039482954,0.140428241012037,0.0,0.020784146311579915,0.012379070653979652,0.061384464453942224,0.1819411321401178,0.1796855937797561,0.2598866225676711,0.2259417494011662,0.09698053514106542,0.0,0.06427847443491055,0.09173593235113772,0.015252297126182228,0.0,0.021549151223700068,0.0,0.048464105536166084,0.0,0.08778985050297997,0.6167784371013567,0.06200784089038084,0.1811514088679562,0.0,0.464904231735595,0.3997388673808178,0.24054227754745744,0.07840146392845233,0.2715838256062171,0.13925684662758836,0.0,0.2695714054433603,0.2571446445087614,0.10128299293322511,0.21956086426829746,0.003591046631197007,0.027501629447727775,0.0077278297155199864,0.08263435431224252,0.0,0.03600506652973381,0.23450342574420427,0.23358384700787024,0.0535130335865296,0.0,0.0,0.0,0.0,0.037321092540710636,0.042220433941515687,0.033738124114473994,0.0014944981122140637,0.0,0.11528072189755992,0.017581381625868572,0.06174215750914583,0.09811955978394626,75
76,0.2516706269373403,0.3534857142136914,0.260634758387288,0.318166815286459,0.3328186148771121,0.1339149613917078,0.33476373424283656,0.20649477282433326,0.20184159305170443,0.0992244140931952,0.15233973097806772,0.10388536223875004,0.22512066017588325,0.27463800643795533,0.11566321508274646,0.10428031268857249,0.15198398397489957,0.11661536431000624,0.2872840569646093,0.3412175722410773,0.21481139298208787,0.19836797284315286,0.21472689770781694,0.33152134077022904,0.09160005169695794,0.11358027636074498,0.22640008172324325,0.1874061797740671,0.22290972351542146,0.2795228292183449,0.3713649220866657,0.29257790987789156,0.49009347851424895,0.5752906901241022,0.2621338817608423,0.3935510485350461,0.32624467445442623,0.39183079778164687,0.739301212370747,0.4907551398695995,0.6962800945816398,0.33461784084072926,0.4846829078576785,0.5085213388087003,0.549279817059953,0.282679926740564,0.430820775030631,0.33409766340453373,0.5111501488455095,0.5641878754463985,0.42715869094666636,0.29913440347604153,0.2658338421566299,0.5891113924803666,0.6389551102001876,0.3430803711277062,0.3848480352530103,0.31585272932511,0.24946016067640336,0.36027689371041316,76
77,0.18581750436841535,0.01827665744481376,0.08569519017174798,0.0745072043090894,0.17218498441363114,0.03550781778207057,0.10499107069917135,0.07720041935047806,0.2673781060401984,0.11410309983787623,0.1481337059466653,0.10891895343291297,0.1331484713931579,0.057376886587107614,0.0518178445149856,0.17574718574121062,0.17150056387221088,0.13631102543975698,0.2122651524086177,0.1759448779733561,0.3568342997658198,0.09919199463097841,0.1056069852565685,0.09192108623526124,0.04768636716000367,0.0507681567649304,0.1610224762624943,0.12953252400707196,0.08640411908201315,0.0,0.18336035459255978,0.0,0.012669942378459554,0.05967189103649944,0.05169082541659181,0.1556693318247051,0.12498738404552182,0.0,0.20285709433976898,0.18328185160419355,0.2563268244168444,0.13056241660416726,0.18272752830529554,0.17550727005290545,0.1912222447726666,0.0738571562773097,0.3137168307694486,0.0,0.030448619684292647,0.07918992252138192,0.28700255492508203,0.23419733786934127,0.05617196953943932,0.053025255549235206,0.26289914831171957,0.3638396643488429,0.05913826798051412,0.143681716446753,0.17305802862456296,0.0,77
78,0.23312108284445993,0.3149138437293875,0.25294274130264993,0.3375277568591553,0.4077334234949898,0.2740651216861718,0.19672347653932873,0.2543928227514505,0.5610390589360945,0.35175186838623085,0.1925178305158712,0.22787184810262828,0.3210396501301049,0.16312012260553188,0.2738121850385582,0.18665505520561007,0.30391082427712346,0.2314017157658262,0.19046369050720902,0.3479135037979456,0.38613997162587266,0.27640127279036214,0.24532633137019375,0.29508941421169943,0.32951748471965936,0.08663902326385722,0.3552470933559704,0.1221719118095853,0.15243204528109344,0.16997347474337182,0.11381322236220162,0.020965855141265394,0.028418998204535455,0.2016914955842727,0.178085626827788,0.3987584485340888,0.02498050616520709,0.09837559595161258,0.5102676447041071,0.4212311520172943,0.23956425511431964,0.2427734297059271,0.4541460330228712,0.09903723127837852,0.10876661636352813,0.15494923501881044,0.6359024701048728,0.4462567480239272,0.4672426872807438,0.11631911397688532,0.5250499143855628,0.1449636381846245,0.13565189258143986,0.1837239864692064,0.6072726594819836,0.40431624745273426,0.329016616322275,0.26068702361455076,0.34614057149016836,0.08725259827905561,78
79,0.04891184545487464,0.07984435270809727,0.033742781431890745,0.045928543173344376,0.6890615988747,0.47097436400267484,0.07295037851614462,0.053501539040641095,0.059000574112007084,0.0,0.1903801645114518,0.054569184203922115,0.03242037761873766,0.09542081016484014,0.010133178554123656,0.07255140231989868,0.10563388640204664,0.16435960980957,0.0944200687307017,0.16719451184361708,0.21436234401051998,0.08434167931218392,0.23987540603362809,0.5087669413881047,0.32085550343601793,0.28540446568759475,0.380885678115572,0.050578625772987086,0.2033232512108168,0.08240177600802644,0.17727123369624173,0.23910844109281637,0.08633881279952155,0.15383063959629203,0.10208680853502616,0.3378627388189152,0.22320503964110602,0.11598568828206539,0.11085950755183188,0.4340160342520698,0.08991981449916654,0.02505846493831085,0.300051457977973,0.0,0.02752907322826464,0.1905078519196108,0.136403043668467,0.09733880053370589,0.48629985886651617,0.5156584878350762,0.27133909768803677,0.2229435013138243,0.4139863888924991,0.8460168760150859,0.9452206971412692,0.45267784585477955,0.07663716341670347,0.3613987797789715,0.094427501253224,0.4794098917056412,79
80,0.05085437344292762,0.05679685285304396,0.04553724841340987,0.0025559490489564293,0.08163769196214873,0.0005368855989815691,0.008282702593486272,0.026510373128513776,0.0,0.03110041632534197,0.0434439494774957,0.03635619664511327,0.004118892432163158,0.012377839177776776,0.045226624284255695,0.08222371740206492,0.020101083332035828,0.030981268738963154,0.045486122055084545,0.0487912382114892,0.013157655454882589,0.05828505931511502,0.04829851452156361,0.10487819470255304,0.0,0.09837755070181546,0.041976813370486324,5.609932140210241e-09,0.0,0.05959496669810319,0.017705946825490083,0.009207960828004234,0.0,0.0,0.0691399588998104,0.05074308552918952,0.033588283136260215,0.03141755676721737,0.009110778486541092,0.0193121132754181,0.04276422075730989,0.0,0.0,0.05548226538699975,0.038634928959263785,0.0712523923751713,0.0769849871850565,0.06625409588373724,0.17662428583309972,0.036591056287767675,0.011018774613593938,0.0,0.007290703821967318,0.030198681122673186,0.10160309808762483,0.03979508017454417,0.05213559909480867,0.031455975305885495,0.16101400441846578,0.03917199160854703,80
81,0.008258334907811672,0.036288020258007384,0.11102129310977324,0.024784979547078263,0.023589126489438582,0.03324816015296624,0.0038688133812493884,0.015591405875089939,0.024313673701748962,0.054890199773107905,0.0017660216672182154,0.010780222623847629,0.01558970140822271,0.09140792748580119,0.0059275220873158275,0.02675031098854217,0.005719267961229645,0.013375411343819258,0.0,0.029162346401812242,0.0,0.0,0.015542372651770794,0.014481646768584683,0.0720897743967131,0.04370241444761883,0.014596661752654463,0.01105746350507225,0.09988463541102778,0.08190247519217829,0.024249857913443345,0.1166524292395405,0.0,0.07884197157423489,0.05654258240215948,0.002089672540477066,0.008533044758772543,0.10937713612019047,0.00668630589716054,0.037711080477619584,0.08165185657526287,0.019470415788392592,0.0,0.01774069387006182,0.02468972144520415,0.0,0.05212546032859718,0.21448958700511228,0.10242478241833476,0.02938029624138183,0.04525702723652123,0.0811824258092977,0.040359933622845734,0.024439203778178053,0.16750250689320473,0.15289219228981324,0.04638115814030011,0.12532200474253982,0.046650502217504414,0.1534458456978546,81
82,0.24007941258031035,0.06787823631056053,0.049008560567654326,0.1460240450892865,0.014042612935294869,0.1503701057327204,0.04984589371458563,0.08370136633907062,0.3367803969928162,0.5036336826672644,0.6418123412111483,0.219117933699343,0.035796964216002494,0.03083519834162719,0.18819606605092423,0.7911448827528827,0.4454330317809382,0.4259704075798355,0.9216724734749007,0.5903361932844132,0.13786885754965925,0.2558856690025781,0.29052240413010766,0.20135221435452208,0.1792619475412653,0.33791617608117147,0.9768521070728422,0.25143023919908336,0.024155511842634626,0.23615049096916138,0.33318534911769854,0.18281872557375486,0.24648701044366061,0.4454578297547695,0.40952134204601015,0.14792821595398883,0.1402497258495783,0.0,0.2583986904048241,0.15327865565666865,0.23182886667458233,0.08374824955651722,0.06312632446030224,0.11626045541512231,0.20836117948767155,0.0,0.026448006712434937,0.2990460304544047,0.2037593111821553,0.4483559207549652,0.718520540792634,0.34285704157768115,0.31154210848484915,0.05471171130301391,0.32257447816237966,0.09311332125305315,0.1665879585894256,0.0,0.08037056510734761,0.40219455066628257,82
83,0.033189260647990194,0.05879298961921842,0.01152341237309204,0.03390114954271438,0.0,0.006791844763064791,0.0051693338429205015,0.005458804457560135,0.031689913770628846,0.08663415163467468,0.0015346068457157405,0.01720422485930183,0.00739319259106139,0.0,0.0,0.0,0.0012402195646368417,0.020485593067104707,0.0060436010499188226,0.013931456085900285,0.0,0.0,0.03548635058794657,0.06196449726780299,0.007495225586309512,0.0,0.0076298597844506166,0.014168640297196333,0.13143844179508948,0.04198921677127722,0.0,0.03608443483463466,0.028356352582556078,0.04587133065474176,0.0,0.0,0.0,0.015834484386762503,3.6167691401790456e-05,0.012049102166139955,0.05606536864478431,0.008024470956970448,0.08433177179522887,0.0,0.027788146859076015,0.0,0.0,0.1073250760490878,6.275201874039247e-09,0.002959118717148816,0.06477664692569998,0.049023589895669795,0.021391304034938233,0.10989845768437059,0.04338333667636279,0.11017340564007028,0.1408385005496885,0.04176356613950193,0.029577267778277846,0.0158402142824304,83
84,0.0,0.0,0.0,0.03210843247969095,0.013009911052039929,0.048096668357722444,0.0187592815797041,0.029783087729804585,0.015222923667092539,0.07029352611623499,0.0,0.043290958430159975,0.01702261437333548,0.0,0.0,0.058515832550238865,0.021090570181264978,0.0,0.06940939403345375,0.036788992172069414,0.059349422239852324,0.004539602317374862,0.0,0.0894469300464774,0.0033083338260337103,0.05495235332246982,0.0,0.0,0.0,0.0,0.0,0.029598679587838784,0.09040059123598036,0.025274176866310442,0.0,0.0,0.0,0.0,0.0,0.08492374607577768,0.05937007549606627,0.0,0.025627946042161037,0.1017517161311821,0.0,0.0206314719343782,0.11080678772057675,0.048384944773856284,0.0,0.0,0.0,0.0,0.0,0.0,0.0,0.027831841811271744,0.028667527574706482,0.0,0.012042666656832467,0.0,84
85,0.07206610608533454,0.03177621013261029,0.09848832020225395,0.060496679745442955,0.13711921296869964,0.06265672956570016,0.12304294774784287,0.0653474734342315,0.054877772087385125,0.23562630681446933,0.14216998047435583,0.03736668153368849,0.06843557127061808,0.10303213083752685,0.02397155190986944,0.05369641790778316,0.10961730979481528,0.03761519183601983,0.027611065414530022,0.08862943507154303,0.021251456731312,0.05910152008695992,0.1554173422480408,0.17464832515834378,0.05817952564329129,0.04719852174928657,0.046962060828582036,0.13155768763217066,0.16873144747268562,0.18002377236803357,0.09179639359949321,0.06316667498748324,0.15727728625957632,0.11980531916921666,0.07071072732770438,0.07763574786239724,0.04516793261516824,0.004732114838632932,0.05409208174174921,0.06617379958536346,0.07509856649746156,0.07358809460025782,0.05550122544682966,0.015112545353336315,0.10535788755349652,0.05277868118402752,0.13867761696340627,0.07488587739593698,0.1145357359023266,0.05619934945227857,0.10773628282340919,0.05137051577710446,0.09118879084670417,0.17460274720519275,0.19439424663194926,0.1923989531492505,0.10029614596835593,0.06528932439680168,0.028067635544059815,0.14231102763943207,85
